sample_id,disaster_event,disaster_type,severity,joint_label,pre_image_path,post_image_path,num_buildings,num_classified_buildings,sensor,gsd,capture_date,source
kahramanmaras-earthquake_37_031133010313,Maxar Open Data (CC BY-NC-4.0) - Kahramanmaras Turkiye Earthquake 2023,Earthquake,Severe,Earthquake_Severe,data/raw/maxar_earthquake/images/kahramanmaras-earthquake_37_031133010313_pre_disaster.png,data/raw/maxar_earthquake/images/kahramanmaras-earthquake_37_031133010313_post_disaster.png,,,Maxar WorldView/GeoEye ARD visual,,2019-09-06 -> 2023-02-07,Maxar Open Data (CC BY-NC-4.0) - Kahramanmaras Turkiye Earthquake 2023
kahramanmaras-earthquake_37_031133012311,Maxar Open Data (CC BY-NC-4.0) - Kahramanmaras Turkiye Earthquake 2023,Earthquake,Severe,Earthquake_Severe,data/raw/maxar_earthquake/images/kahramanmaras-earthquake_37_031133012311_pre_disaster.png,data/raw/maxar_earthquake/images/kahramanmaras-earthquake_37_031133012311_post_disaster.png,,,Maxar WorldView/GeoEye ARD visual,,2022-12-27 -> 2023-02-07,Maxar Open Data (CC BY-NC-4.0) - Kahramanmaras Turkiye Earthquake 2023
kahramanmaras-earthquake_37_031133102032,Maxar Open Data (CC BY-NC-4.0) - Kahramanmaras Turkiye Earthquake 2023,Earthquake,Low,Earthquake_Low,data/raw/maxar_earthquake/images/kahramanmaras-earthquake_37_031133102032_pre_disaster.png,data/raw/maxar_earthquake/images/kahramanmaras-earthquake_37_031133102032_post_disaster.png,,,Maxar WorldView/GeoEye ARD visual,,2023-01-02 -> 2023-02-08,Maxar Open Data (CC BY-NC-4.0) - Kahramanmaras Turkiye Earthquake 2023
kahramanmaras-earthquake_37_031133102021,Maxar Open Data (CC BY-NC-4.0) - Kahramanmaras Turkiye Earthquake 2023,Earthquake,Severe,Earthquake_Severe,data/raw/maxar_earthquake/images/kahramanmaras-earthquake_37_031133102021_pre_disaster.png,data/raw/maxar_earthquake/images/kahramanmaras-earthquake_37_031133102021_post_disaster.png,,,Maxar WorldView/GeoEye ARD visual,,2023-01-02 -> 2023-02-08,Maxar Open Data (CC BY-NC-4.0) - Kahramanmaras Turkiye Earthquake 2023
hurricane-florence_00000094,hurricane-florence,Flood,Low,Flood_Low,data/raw/xbd/images/hurricane-florence_00000094_pre_disaster.png,data/raw/xbd/images/hurricane-florence_00000094_post_disaster.png,46.0,43.0,GEOEYE01,2.0916247,2018-09-20T16:04:41.000Z,"xBD (Gupta et al., 2019)"
kahramanmaras-earthquake_37_031133012132,Maxar Open Data (CC BY-NC-4.0) - Kahramanmaras Turkiye Earthquake 2023,Earthquake,Low,Earthquake_Low,data/raw/maxar_earthquake/images/kahramanmaras-earthquake_37_031133012132_pre_disaster.png,data/raw/maxar_earthquake/images/kahramanmaras-earthquake_37_031133012132_post_disaster.png,,,Maxar WorldView/GeoEye ARD visual,,2022-12-27 -> 2023-02-07,Maxar Open Data (CC BY-NC-4.0) - Kahramanmaras Turkiye Earthquake 2023
kahramanmaras-earthquake_37_031133023231,Maxar Open Data (CC BY-NC-4.0) - Kahramanmaras Turkiye Earthquake 2023,Earthquake,Moderate,Earthquake_Moderate,data/raw/maxar_earthquake/images/kahramanmaras-earthquake_37_031133023231_pre_disaster.png,data/raw/maxar_earthquake/images/kahramanmaras-earthquake_37_031133023231_post_disaster.png,,,Maxar WorldView/GeoEye ARD visual,,2021-09-27 -> 2023-02-08,Maxar Open Data (CC BY-NC-4.0) - Kahramanmaras Turkiye Earthquake 2023
kahramanmaras-earthquake_37_031133023322,Maxar Open Data (CC BY-NC-4.0) - Kahramanmaras Turkiye Earthquake 2023,Earthquake,Low,Earthquake_Low,data/raw/maxar_earthquake/images/kahramanmaras-earthquake_37_031133023322_pre_disaster.png,data/raw/maxar_earthquake/images/kahramanmaras-earthquake_37_031133023322_post_disaster.png,,,Maxar WorldView/GeoEye ARD visual,,2022-12-22 -> 2023-02-08,Maxar Open Data (CC BY-NC-4.0) - Kahramanmaras Turkiye Earthquake 2023
kahramanmaras-earthquake_37_031133102120,Maxar Open Data (CC BY-NC-4.0) - Kahramanmaras Turkiye Earthquake 2023,Earthquake,Low,Earthquake_Low,data/raw/maxar_earthquake/images/kahramanmaras-earthquake_37_031133102120_pre_disaster.png,data/raw/maxar_earthquake/images/kahramanmaras-earthquake_37_031133102120_post_disaster.png,,,Maxar WorldView/GeoEye ARD visual,,2023-01-02 -> 2023-02-08,Maxar Open Data (CC BY-NC-4.0) - Kahramanmaras Turkiye Earthquake 2023
hurricane-florence_00000086,hurricane-florence,Flood,Severe,Flood_Severe,data/raw/xbd/images/hurricane-florence_00000086_pre_disaster.png,data/raw/xbd/images/hurricane-florence_00000086_post_disaster.png,7.0,7.0,GEOEYE01,2.0916247,2018-09-20T16:04:41.000Z,"xBD (Gupta et al., 2019)"
hurricane-florence_00000091,hurricane-florence,Flood,Low,Flood_Low,data/raw/xbd/images/hurricane-florence_00000091_pre_disaster.png,data/raw/xbd/images/hurricane-florence_00000091_post_disaster.png,131.0,123.0,GEOEYE01,2.0916247,2018-09-20T16:04:41.000Z,"xBD (Gupta et al., 2019)"
kahramanmaras-earthquake_37_031133023123,Maxar Open Data (CC BY-NC-4.0) - Kahramanmaras Turkiye Earthquake 2023,Earthquake,Moderate,Earthquake_Moderate,data/raw/maxar_earthquake/images/kahramanmaras-earthquake_37_031133023123_pre_disaster.png,data/raw/maxar_earthquake/images/kahramanmaras-earthquake_37_031133023123_post_disaster.png,,,Maxar WorldView/GeoEye ARD visual,,2023-01-07 -> 2023-02-08,Maxar Open Data (CC BY-NC-4.0) - Kahramanmaras Turkiye Earthquake 2023
kahramanmaras-earthquake_37_031133102210,Maxar Open Data (CC BY-NC-4.0) - Kahramanmaras Turkiye Earthquake 2023,Earthquake,Low,Earthquake_Low,data/raw/maxar_earthquake/images/kahramanmaras-earthquake_37_031133102210_pre_disaster.png,data/raw/maxar_earthquake/images/kahramanmaras-earthquake_37_031133102210_post_disaster.png,,,Maxar WorldView/GeoEye ARD visual,,2023-01-02 -> 2023-02-08,Maxar Open Data (CC BY-NC-4.0) - Kahramanmaras Turkiye Earthquake 2023
kahramanmaras-earthquake_37_031133012102,Maxar Open Data (CC BY-NC-4.0) - Kahramanmaras Turkiye Earthquake 2023,Earthquake,Moderate,Earthquake_Moderate,data/raw/maxar_earthquake/images/kahramanmaras-earthquake_37_031133012102_pre_disaster.png,data/raw/maxar_earthquake/images/kahramanmaras-earthquake_37_031133012102_post_disaster.png,,,Maxar WorldView/GeoEye ARD visual,,2019-08-26 -> 2023-02-07,Maxar Open Data (CC BY-NC-4.0) - Kahramanmaras Turkiye Earthquake 2023
kahramanmaras-earthquake_37_031131233232,Maxar Open Data (CC BY-NC-4.0) - Kahramanmaras Turkiye Earthquake 2023,Earthquake,Low,Earthquake_Low,data/raw/maxar_earthquake/images/kahramanmaras-earthquake_37_031131233232_pre_disaster.png,data/raw/maxar_earthquake/images/kahramanmaras-earthquake_37_031131233232_post_disaster.png,,,Maxar WorldView/GeoEye ARD visual,,2022-07-26 -> 2023-02-08,Maxar Open Data (CC BY-NC-4.0) - Kahramanmaras Turkiye Earthquake 2023
kahramanmaras-earthquake_37_031133012100,Maxar Open Data (CC BY-NC-4.0) - Kahramanmaras Turkiye Earthquake 2023,Earthquake,Moderate,Earthquake_Moderate,data/raw/maxar_earthquake/images/kahramanmaras-earthquake_37_031133012100_pre_disaster.png,data/raw/maxar_earthquake/images/kahramanmaras-earthquake_37_031133012100_post_disaster.png,,,Maxar WorldView/GeoEye ARD visual,,2019-08-26 -> 2023-02-07,Maxar Open Data (CC BY-NC-4.0) - Kahramanmaras Turkiye Earthquake 2023
kahramanmaras-earthquake_37_031133023213,Maxar Open Data (CC BY-NC-4.0) - Kahramanmaras Turkiye Earthquake 2023,Earthquake,Moderate,Earthquake_Moderate,data/raw/maxar_earthquake/images/kahramanmaras-earthquake_37_031133023213_pre_disaster.png,data/raw/maxar_earthquake/images/kahramanmaras-earthquake_37_031133023213_post_disaster.png,,,Maxar WorldView/GeoEye ARD visual,,2021-09-27 -> 2023-02-08,Maxar Open Data (CC BY-NC-4.0) - Kahramanmaras Turkiye Earthquake 2023
kahramanmaras-earthquake_37_031133003131,Maxar Open Data (CC BY-NC-4.0) - Kahramanmaras Turkiye Earthquake 2023,Earthquake,Low,Earthquake_Low,data/raw/maxar_earthquake/images/kahramanmaras-earthquake_37_031133003131_pre_disaster.png,data/raw/maxar_earthquake/images/kahramanmaras-earthquake_37_031133003131_post_disaster.png,,,Maxar WorldView/GeoEye ARD visual,,2022-12-27 -> 2023-02-08,Maxar Open Data (CC BY-NC-4.0) - Kahramanmaras Turkiye Earthquake 2023
kahramanmaras-earthquake_37_031133012112,Maxar Open Data (CC BY-NC-4.0) - Kahramanmaras Turkiye Earthquake 2023,Earthquake,Moderate,Earthquake_Moderate,data/raw/maxar_earthquake/images/kahramanmaras-earthquake_37_031133012112_pre_disaster.png,data/raw/maxar_earthquake/images/kahramanmaras-earthquake_37_031133012112_post_disaster.png,,,Maxar WorldView/GeoEye ARD visual,,2019-09-06 -> 2023-02-07,Maxar Open Data (CC BY-NC-4.0) - Kahramanmaras Turkiye Earthquake 2023
kahramanmaras-earthquake_37_031133012103,Maxar Open Data (CC BY-NC-4.0) - Kahramanmaras Turkiye Earthquake 2023,Earthquake,Severe,Earthquake_Severe,data/raw/maxar_earthquake/images/kahramanmaras-earthquake_37_031133012103_pre_disaster.png,data/raw/maxar_earthquake/images/kahramanmaras-earthquake_37_031133012103_post_disaster.png,,,Maxar WorldView/GeoEye ARD visual,,2019-08-26 -> 2023-02-07,Maxar Open Data (CC BY-NC-4.0) - Kahramanmaras Turkiye Earthquake 2023
kahramanmaras-earthquake_37_031133010333,Maxar Open Data (CC BY-NC-4.0) - Kahramanmaras Turkiye Earthquake 2023,Earthquake,Severe,Earthquake_Severe,data/raw/maxar_earthquake/images/kahramanmaras-earthquake_37_031133010333_pre_disaster.png,data/raw/maxar_earthquake/images/kahramanmaras-earthquake_37_031133010333_post_disaster.png,,,Maxar WorldView/GeoEye ARD visual,,2019-09-06 -> 2023-02-07,Maxar Open Data (CC BY-NC-4.0) - Kahramanmaras Turkiye Earthquake 2023
kahramanmaras-earthquake_37_031133102122,Maxar Open Data (CC BY-NC-4.0) - Kahramanmaras Turkiye Earthquake 2023,Earthquake,Low,Earthquake_Low,data/raw/maxar_earthquake/images/kahramanmaras-earthquake_37_031133102122_pre_disaster.png,data/raw/maxar_earthquake/images/kahramanmaras-earthquake_37_031133102122_post_disaster.png,,,Maxar WorldView/GeoEye ARD visual,,2023-01-02 -> 2023-02-08,Maxar Open Data (CC BY-NC-4.0) - Kahramanmaras Turkiye Earthquake 2023
kahramanmaras-earthquake_37_031133010320,Maxar Open Data (CC BY-NC-4.0) - Kahramanmaras Turkiye Earthquake 2023,Earthquake,Severe,Earthquake_Severe,data/raw/maxar_earthquake/images/kahramanmaras-earthquake_37_031133010320_pre_disaster.png,data/raw/maxar_earthquake/images/kahramanmaras-earthquake_37_031133010320_post_disaster.png,,,Maxar WorldView/GeoEye ARD visual,,2017-02-15 -> 2023-02-07,Maxar Open Data (CC BY-NC-4.0) - Kahramanmaras Turkiye Earthquake 2023
kahramanmaras-earthquake_37_031133023233,Maxar Open Data (CC BY-NC-4.0) - Kahramanmaras Turkiye Earthquake 2023,Earthquake,Moderate,Earthquake_Moderate,data/raw/maxar_earthquake/images/kahramanmaras-earthquake_37_031133023233_pre_disaster.png,data/raw/maxar_earthquake/images/kahramanmaras-earthquake_37_031133023233_post_disaster.png,,,Maxar WorldView/GeoEye ARD visual,,2021-09-27 -> 2023-02-08,Maxar Open Data (CC BY-NC-4.0) - Kahramanmaras Turkiye Earthquake 2023
kahramanmaras-earthquake_37_031133012303,Maxar Open Data (CC BY-NC-4.0) - Kahramanmaras Turkiye Earthquake 2023,Earthquake,Severe,Earthquake_Severe,data/raw/maxar_earthquake/images/kahramanmaras-earthquake_37_031133012303_pre_disaster.png,data/raw/maxar_earthquake/images/kahramanmaras-earthquake_37_031133012303_post_disaster.png,,,Maxar WorldView/GeoEye ARD visual,,2022-12-27 -> 2023-02-07,Maxar Open Data (CC BY-NC-4.0) - Kahramanmaras Turkiye Earthquake 2023
kahramanmaras-earthquake_37_031133010221,Maxar Open Data (CC BY-NC-4.0) - Kahramanmaras Turkiye Earthquake 2023,Earthquake,Moderate,Earthquake_Moderate,data/raw/maxar_earthquake/images/kahramanmaras-earthquake_37_031133010221_pre_disaster.png,data/raw/maxar_earthquake/images/kahramanmaras-earthquake_37_031133010221_post_disaster.png,,,Maxar WorldView/GeoEye ARD visual,,2021-09-27 -> 2023-02-07,Maxar Open Data (CC BY-NC-4.0) - Kahramanmaras Turkiye Earthquake 2023
kahramanmaras-earthquake_37_031133011010,Maxar Open Data (CC BY-NC-4.0) - Kahramanmaras Turkiye Earthquake 2023,Earthquake,Moderate,Earthquake_Moderate,data/raw/maxar_earthquake/images/kahramanmaras-earthquake_37_031133011010_pre_disaster.png,data/raw/maxar_earthquake/images/kahramanmaras-earthquake_37_031133011010_post_disaster.png,,,Maxar WorldView/GeoEye ARD visual,,2022-07-26 -> 2023-02-08,Maxar Open Data (CC BY-NC-4.0) - Kahramanmaras Turkiye Earthquake 2023
kahramanmaras-earthquake_37_031133012001,Maxar Open Data (CC BY-NC-4.0) - Kahramanmaras Turkiye Earthquake 2023,Earthquake,Severe,Earthquake_Severe,data/raw/maxar_earthquake/images/kahramanmaras-earthquake_37_031133012001_pre_disaster.png,data/raw/maxar_earthquake/images/kahramanmaras-earthquake_37_031133012001_post_disaster.png,,,Maxar WorldView/GeoEye ARD visual,,2021-09-27 -> 2023-02-07,Maxar Open Data (CC BY-NC-4.0) - Kahramanmaras Turkiye Earthquake 2023
kahramanmaras-earthquake_37_031133023320,Maxar Open Data (CC BY-NC-4.0) - Kahramanmaras Turkiye Earthquake 2023,Earthquake,Low,Earthquake_Low,data/raw/maxar_earthquake/images/kahramanmaras-earthquake_37_031133023320_pre_disaster.png,data/raw/maxar_earthquake/images/kahramanmaras-earthquake_37_031133023320_post_disaster.png,,,Maxar WorldView/GeoEye ARD visual,,2022-12-22 -> 2023-02-08,Maxar Open Data (CC BY-NC-4.0) - Kahramanmaras Turkiye Earthquake 2023
kahramanmaras-earthquake_37_031133102300,Maxar Open Data (CC BY-NC-4.0) - Kahramanmaras Turkiye Earthquake 2023,Earthquake,Moderate,Earthquake_Moderate,data/raw/maxar_earthquake/images/kahramanmaras-earthquake_37_031133102300_pre_disaster.png,data/raw/maxar_earthquake/images/kahramanmaras-earthquake_37_031133102300_post_disaster.png,,,Maxar WorldView/GeoEye ARD visual,,2023-01-02 -> 2023-02-08,Maxar Open Data (CC BY-NC-4.0) - Kahramanmaras Turkiye Earthquake 2023
kahramanmaras-earthquake_37_031133023301,Maxar Open Data (CC BY-NC-4.0) - Kahramanmaras Turkiye Earthquake 2023,Earthquake,Moderate,Earthquake_Moderate,data/raw/maxar_earthquake/images/kahramanmaras-earthquake_37_031133023301_pre_disaster.png,data/raw/maxar_earthquake/images/kahramanmaras-earthquake_37_031133023301_post_disaster.png,,,Maxar WorldView/GeoEye ARD visual,,2023-01-07 -> 2023-02-08,Maxar Open Data (CC BY-NC-4.0) - Kahramanmaras Turkiye Earthquake 2023
kahramanmaras-earthquake_37_031133010311,Maxar Open Data (CC BY-NC-4.0) - Kahramanmaras Turkiye Earthquake 2023,Earthquake,Severe,Earthquake_Severe,data/raw/maxar_earthquake/images/kahramanmaras-earthquake_37_031133010311_pre_disaster.png,data/raw/maxar_earthquake/images/kahramanmaras-earthquake_37_031133010311_post_disaster.png,,,Maxar WorldView/GeoEye ARD visual,,2012-09-03 -> 2023-02-07,Maxar Open Data (CC BY-NC-4.0) - Kahramanmaras Turkiye Earthquake 2023
kahramanmaras-earthquake_37_031133102033,Maxar Open Data (CC BY-NC-4.0) - Kahramanmaras Turkiye Earthquake 2023,Earthquake,Low,Earthquake_Low,data/raw/maxar_earthquake/images/kahramanmaras-earthquake_37_031133102033_pre_disaster.png,data/raw/maxar_earthquake/images/kahramanmaras-earthquake_37_031133102033_post_disaster.png,,,Maxar WorldView/GeoEye ARD visual,,2023-01-02 -> 2023-02-08,Maxar Open Data (CC BY-NC-4.0) - Kahramanmaras Turkiye Earthquake 2023
kahramanmaras-earthquake_37_031133010230,Maxar Open Data (CC BY-NC-4.0) - Kahramanmaras Turkiye Earthquake 2023,Earthquake,Low,Earthquake_Low,data/raw/maxar_earthquake/images/kahramanmaras-earthquake_37_031133010230_pre_disaster.png,data/raw/maxar_earthquake/images/kahramanmaras-earthquake_37_031133010230_post_disaster.png,,,Maxar WorldView/GeoEye ARD visual,,2021-09-27 -> 2023-02-07,Maxar Open Data (CC BY-NC-4.0) - Kahramanmaras Turkiye Earthquake 2023
kahramanmaras-earthquake_37_031133102121,Maxar Open Data (CC BY-NC-4.0) - Kahramanmaras Turkiye Earthquake 2023,Earthquake,Severe,Earthquake_Severe,data/raw/maxar_earthquake/images/kahramanmaras-earthquake_37_031133102121_pre_disaster.png,data/raw/maxar_earthquake/images/kahramanmaras-earthquake_37_031133102121_post_disaster.png,,,Maxar WorldView/GeoEye ARD visual,,2021-09-27 -> 2023-02-08,Maxar Open Data (CC BY-NC-4.0) - Kahramanmaras Turkiye Earthquake 2023
kahramanmaras-earthquake_37_031133012310,Maxar Open Data (CC BY-NC-4.0) - Kahramanmaras Turkiye Earthquake 2023,Earthquake,Moderate,Earthquake_Moderate,data/raw/maxar_earthquake/images/kahramanmaras-earthquake_37_031133012310_pre_disaster.png,data/raw/maxar_earthquake/images/kahramanmaras-earthquake_37_031133012310_post_disaster.png,,,Maxar WorldView/GeoEye ARD visual,,2022-12-27 -> 2023-02-07,Maxar Open Data (CC BY-NC-4.0) - Kahramanmaras Turkiye Earthquake 2023
kahramanmaras-earthquake_37_031133012101,Maxar Open Data (CC BY-NC-4.0) - Kahramanmaras Turkiye Earthquake 2023,Earthquake,Moderate,Earthquake_Moderate,data/raw/maxar_earthquake/images/kahramanmaras-earthquake_37_031133012101_pre_disaster.png,data/raw/maxar_earthquake/images/kahramanmaras-earthquake_37_031133012101_post_disaster.png,,,Maxar WorldView/GeoEye ARD visual,,2019-08-26 -> 2023-02-07,Maxar Open Data (CC BY-NC-4.0) - Kahramanmaras Turkiye Earthquake 2023
kahramanmaras-earthquake_37_031133012113,Maxar Open Data (CC BY-NC-4.0) - Kahramanmaras Turkiye Earthquake 2023,Earthquake,Severe,Earthquake_Severe,data/raw/maxar_earthquake/images/kahramanmaras-earthquake_37_031133012113_pre_disaster.png,data/raw/maxar_earthquake/images/kahramanmaras-earthquake_37_031133012113_post_disaster.png,,,Maxar WorldView/GeoEye ARD visual,,2019-09-06 -> 2023-02-07,Maxar Open Data (CC BY-NC-4.0) - Kahramanmaras Turkiye Earthquake 2023
kahramanmaras-earthquake_37_031133012133,Maxar Open Data (CC BY-NC-4.0) - Kahramanmaras Turkiye Earthquake 2023,Earthquake,Severe,Earthquake_Severe,data/raw/maxar_earthquake/images/kahramanmaras-earthquake_37_031133012133_pre_disaster.png,data/raw/maxar_earthquake/images/kahramanmaras-earthquake_37_031133012133_post_disaster.png,,,Maxar WorldView/GeoEye ARD visual,,2022-12-27 -> 2023-02-07,Maxar Open Data (CC BY-NC-4.0) - Kahramanmaras Turkiye Earthquake 2023
kahramanmaras-earthquake_37_031133010232,Maxar Open Data (CC BY-NC-4.0) - Kahramanmaras Turkiye Earthquake 2023,Earthquake,Low,Earthquake_Low,data/raw/maxar_earthquake/images/kahramanmaras-earthquake_37_031133010232_pre_disaster.png,data/raw/maxar_earthquake/images/kahramanmaras-earthquake_37_031133010232_post_disaster.png,,,Maxar WorldView/GeoEye ARD visual,,2021-09-27 -> 2023-02-07,Maxar Open Data (CC BY-NC-4.0) - Kahramanmaras Turkiye Earthquake 2023
kahramanmaras-earthquake_37_031133102030,Maxar Open Data (CC BY-NC-4.0) - Kahramanmaras Turkiye Earthquake 2023,Earthquake,Low,Earthquake_Low,data/raw/maxar_earthquake/images/kahramanmaras-earthquake_37_031133102030_pre_disaster.png,data/raw/maxar_earthquake/images/kahramanmaras-earthquake_37_031133102030_post_disaster.png,,,Maxar WorldView/GeoEye ARD visual,,2023-01-02 -> 2023-02-08,Maxar Open Data (CC BY-NC-4.0) - Kahramanmaras Turkiye Earthquake 2023
kahramanmaras-earthquake_37_031131233233,Maxar Open Data (CC BY-NC-4.0) - Kahramanmaras Turkiye Earthquake 2023,Earthquake,Low,Earthquake_Low,data/raw/maxar_earthquake/images/kahramanmaras-earthquake_37_031131233233_pre_disaster.png,data/raw/maxar_earthquake/images/kahramanmaras-earthquake_37_031131233233_post_disaster.png,,,Maxar WorldView/GeoEye ARD visual,,2022-07-26 -> 2023-02-08,Maxar Open Data (CC BY-NC-4.0) - Kahramanmaras Turkiye Earthquake 2023
kahramanmaras-earthquake_37_031133012111,Maxar Open Data (CC BY-NC-4.0) - Kahramanmaras Turkiye Earthquake 2023,Earthquake,Severe,Earthquake_Severe,data/raw/maxar_earthquake/images/kahramanmaras-earthquake_37_031133012111_pre_disaster.png,data/raw/maxar_earthquake/images/kahramanmaras-earthquake_37_031133012111_post_disaster.png,,,Maxar WorldView/GeoEye ARD visual,,2019-09-06 -> 2023-02-07,Maxar Open Data (CC BY-NC-4.0) - Kahramanmaras Turkiye Earthquake 2023
kahramanmaras-earthquake_37_031133012131,Maxar Open Data (CC BY-NC-4.0) - Kahramanmaras Turkiye Earthquake 2023,Earthquake,Severe,Earthquake_Severe,data/raw/maxar_earthquake/images/kahramanmaras-earthquake_37_031133012131_pre_disaster.png,data/raw/maxar_earthquake/images/kahramanmaras-earthquake_37_031133012131_post_disaster.png,,,Maxar WorldView/GeoEye ARD visual,,2019-09-06 -> 2023-02-07,Maxar Open Data (CC BY-NC-4.0) - Kahramanmaras Turkiye Earthquake 2023
kahramanmaras-earthquake_37_031133023300,Maxar Open Data (CC BY-NC-4.0) - Kahramanmaras Turkiye Earthquake 2023,Earthquake,Moderate,Earthquake_Moderate,data/raw/maxar_earthquake/images/kahramanmaras-earthquake_37_031133023300_pre_disaster.png,data/raw/maxar_earthquake/images/kahramanmaras-earthquake_37_031133023300_post_disaster.png,,,Maxar WorldView/GeoEye ARD visual,,2022-12-22 -> 2023-02-08,Maxar Open Data (CC BY-NC-4.0) - Kahramanmaras Turkiye Earthquake 2023
