sample_id,pre_image_path,post_image_path,severity,source,sensor,gsd,capture_date,damage_ratio
kahramanmaras-earthquake_37_031133102033,images/kahramanmaras-earthquake_37_031133102033_pre_disaster.png,images/kahramanmaras-earthquake_37_031133102033_post_disaster.png,Low,Maxar Open Data (CC BY-NC-4.0) - Kahramanmaras Turkiye Earthquake 2023,Maxar WorldView/GeoEye ARD visual,,2023-01-02 -> 2023-02-08,0.046349
kahramanmaras-earthquake_37_031133102032,images/kahramanmaras-earthquake_37_031133102032_pre_disaster.png,images/kahramanmaras-earthquake_37_031133102032_post_disaster.png,Low,Maxar Open Data (CC BY-NC-4.0) - Kahramanmaras Turkiye Earthquake 2023,Maxar WorldView/GeoEye ARD visual,,2023-01-02 -> 2023-02-08,0.0536
kahramanmaras-earthquake_37_031133003131,images/kahramanmaras-earthquake_37_031133003131_pre_disaster.png,images/kahramanmaras-earthquake_37_031133003131_post_disaster.png,Low,Maxar Open Data (CC BY-NC-4.0) - Kahramanmaras Turkiye Earthquake 2023,Maxar WorldView/GeoEye ARD visual,,2022-12-27 -> 2023-02-08,0.067659
kahramanmaras-earthquake_37_031133102210,images/kahramanmaras-earthquake_37_031133102210_pre_disaster.png,images/kahramanmaras-earthquake_37_031133102210_post_disaster.png,Low,Maxar Open Data (CC BY-NC-4.0) - Kahramanmaras Turkiye Earthquake 2023,Maxar WorldView/GeoEye ARD visual,,2023-01-02 -> 2023-02-08,0.069172
kahramanmaras-earthquake_37_031133023302,images/kahramanmaras-earthquake_37_031133023302_pre_disaster.png,images/kahramanmaras-earthquake_37_031133023302_post_disaster.png,Low,Maxar Open Data (CC BY-NC-4.0) - Kahramanmaras Turkiye Earthquake 2023,Maxar WorldView/GeoEye ARD visual,,2022-12-22 -> 2023-02-08,0.070951
kahramanmaras-earthquake_37_031131233233,images/kahramanmaras-earthquake_37_031131233233_pre_disaster.png,images/kahramanmaras-earthquake_37_031131233233_post_disaster.png,Low,Maxar Open Data (CC BY-NC-4.0) - Kahramanmaras Turkiye Earthquake 2023,Maxar WorldView/GeoEye ARD visual,,2022-07-26 -> 2023-02-08,0.078684
kahramanmaras-earthquake_37_031133010232,images/kahramanmaras-earthquake_37_031133010232_pre_disaster.png,images/kahramanmaras-earthquake_37_031133010232_post_disaster.png,Low,Maxar Open Data (CC BY-NC-4.0) - Kahramanmaras Turkiye Earthquake 2023,Maxar WorldView/GeoEye ARD visual,,2021-09-27 -> 2023-02-07,0.079368
kahramanmaras-earthquake_37_031133102031,images/kahramanmaras-earthquake_37_031133102031_pre_disaster.png,images/kahramanmaras-earthquake_37_031133102031_post_disaster.png,Low,Maxar Open Data (CC BY-NC-4.0) - Kahramanmaras Turkiye Earthquake 2023,Maxar WorldView/GeoEye ARD visual,,2023-01-02 -> 2023-02-08,0.09072
kahramanmaras-earthquake_37_031133023320,images/kahramanmaras-earthquake_37_031133023320_pre_disaster.png,images/kahramanmaras-earthquake_37_031133023320_post_disaster.png,Low,Maxar Open Data (CC BY-NC-4.0) - Kahramanmaras Turkiye Earthquake 2023,Maxar WorldView/GeoEye ARD visual,,2022-12-22 -> 2023-02-08,0.092092
kahramanmaras-earthquake_37_031133010230,images/kahramanmaras-earthquake_37_031133010230_pre_disaster.png,images/kahramanmaras-earthquake_37_031133010230_post_disaster.png,Low,Maxar Open Data (CC BY-NC-4.0) - Kahramanmaras Turkiye Earthquake 2023,Maxar WorldView/GeoEye ARD visual,,2021-09-27 -> 2023-02-07,0.092599
kahramanmaras-earthquake_37_031133023303,images/kahramanmaras-earthquake_37_031133023303_pre_disaster.png,images/kahramanmaras-earthquake_37_031133023303_post_disaster.png,Low,Maxar Open Data (CC BY-NC-4.0) - Kahramanmaras Turkiye Earthquake 2023,Maxar WorldView/GeoEye ARD visual,,2022-12-22 -> 2023-02-08,0.092808
kahramanmaras-earthquake_37_031133011011,images/kahramanmaras-earthquake_37_031133011011_pre_disaster.png,images/kahramanmaras-earthquake_37_031133011011_post_disaster.png,Low,Maxar Open Data (CC BY-NC-4.0) - Kahramanmaras Turkiye Earthquake 2023,Maxar WorldView/GeoEye ARD visual,,2022-07-26 -> 2023-02-08,0.09894
kahramanmaras-earthquake_37_031131233232,images/kahramanmaras-earthquake_37_031131233232_pre_disaster.png,images/kahramanmaras-earthquake_37_031131233232_post_disaster.png,Low,Maxar Open Data (CC BY-NC-4.0) - Kahramanmaras Turkiye Earthquake 2023,Maxar WorldView/GeoEye ARD visual,,2022-07-26 -> 2023-02-08,0.102379
kahramanmaras-earthquake_37_031133012132,images/kahramanmaras-earthquake_37_031133012132_pre_disaster.png,images/kahramanmaras-earthquake_37_031133012132_post_disaster.png,Low,Maxar Open Data (CC BY-NC-4.0) - Kahramanmaras Turkiye Earthquake 2023,Maxar WorldView/GeoEye ARD visual,,2022-12-27 -> 2023-02-07,0.103513
kahramanmaras-earthquake_37_031133102120,images/kahramanmaras-earthquake_37_031133102120_pre_disaster.png,images/kahramanmaras-earthquake_37_031133102120_post_disaster.png,Low,Maxar Open Data (CC BY-NC-4.0) - Kahramanmaras Turkiye Earthquake 2023,Maxar WorldView/GeoEye ARD visual,,2023-01-02 -> 2023-02-08,0.10366
kahramanmaras-earthquake_37_031133102030,images/kahramanmaras-earthquake_37_031133102030_pre_disaster.png,images/kahramanmaras-earthquake_37_031133102030_post_disaster.png,Low,Maxar Open Data (CC BY-NC-4.0) - Kahramanmaras Turkiye Earthquake 2023,Maxar WorldView/GeoEye ARD visual,,2023-01-02 -> 2023-02-08,0.10633
kahramanmaras-earthquake_37_031133003130,images/kahramanmaras-earthquake_37_031133003130_pre_disaster.png,images/kahramanmaras-earthquake_37_031133003130_post_disaster.png,Low,Maxar Open Data (CC BY-NC-4.0) - Kahramanmaras Turkiye Earthquake 2023,Maxar WorldView/GeoEye ARD visual,,2022-12-27 -> 2023-02-08,0.110448
kahramanmaras-earthquake_37_031133012123,images/kahramanmaras-earthquake_37_031133012123_pre_disaster.png,images/kahramanmaras-earthquake_37_031133012123_post_disaster.png,Low,Maxar Open Data (CC BY-NC-4.0) - Kahramanmaras Turkiye Earthquake 2023,Maxar WorldView/GeoEye ARD visual,,2022-12-27 -> 2023-02-07,0.114531
kahramanmaras-earthquake_37_031133102122,images/kahramanmaras-earthquake_37_031133102122_pre_disaster.png,images/kahramanmaras-earthquake_37_031133102122_post_disaster.png,Low,Maxar Open Data (CC BY-NC-4.0) - Kahramanmaras Turkiye Earthquake 2023,Maxar WorldView/GeoEye ARD visual,,2023-01-02 -> 2023-02-08,0.115317
kahramanmaras-earthquake_37_031133023322,images/kahramanmaras-earthquake_37_031133023322_pre_disaster.png,images/kahramanmaras-earthquake_37_031133023322_post_disaster.png,Low,Maxar Open Data (CC BY-NC-4.0) - Kahramanmaras Turkiye Earthquake 2023,Maxar WorldView/GeoEye ARD visual,,2022-12-22 -> 2023-02-08,0.121606
kahramanmaras-earthquake_37_031133023300,images/kahramanmaras-earthquake_37_031133023300_pre_disaster.png,images/kahramanmaras-earthquake_37_031133023300_post_disaster.png,Moderate,Maxar Open Data (CC BY-NC-4.0) - Kahramanmaras Turkiye Earthquake 2023,Maxar WorldView/GeoEye ARD visual,,2022-12-22 -> 2023-02-08,0.132667
kahramanmaras-earthquake_37_031133023310,images/kahramanmaras-earthquake_37_031133023310_pre_disaster.png,images/kahramanmaras-earthquake_37_031133023310_post_disaster.png,Moderate,Maxar Open Data (CC BY-NC-4.0) - Kahramanmaras Turkiye Earthquake 2023,Maxar WorldView/GeoEye ARD visual,,2023-01-07 -> 2023-02-08,0.134031
kahramanmaras-earthquake_37_031133010221,images/kahramanmaras-earthquake_37_031133010221_pre_disaster.png,images/kahramanmaras-earthquake_37_031133010221_post_disaster.png,Moderate,Maxar Open Data (CC BY-NC-4.0) - Kahramanmaras Turkiye Earthquake 2023,Maxar WorldView/GeoEye ARD visual,,2021-09-27 -> 2023-02-07,0.136911
kahramanmaras-earthquake_37_031133023301,images/kahramanmaras-earthquake_37_031133023301_pre_disaster.png,images/kahramanmaras-earthquake_37_031133023301_post_disaster.png,Moderate,Maxar Open Data (CC BY-NC-4.0) - Kahramanmaras Turkiye Earthquake 2023,Maxar WorldView/GeoEye ARD visual,,2023-01-07 -> 2023-02-08,0.138784
kahramanmaras-earthquake_37_031133023233,images/kahramanmaras-earthquake_37_031133023233_pre_disaster.png,images/kahramanmaras-earthquake_37_031133023233_post_disaster.png,Moderate,Maxar Open Data (CC BY-NC-4.0) - Kahramanmaras Turkiye Earthquake 2023,Maxar WorldView/GeoEye ARD visual,,2021-09-27 -> 2023-02-08,0.146162
kahramanmaras-earthquake_37_031133003133,images/kahramanmaras-earthquake_37_031133003133_pre_disaster.png,images/kahramanmaras-earthquake_37_031133003133_post_disaster.png,Moderate,Maxar Open Data (CC BY-NC-4.0) - Kahramanmaras Turkiye Earthquake 2023,Maxar WorldView/GeoEye ARD visual,,2022-12-27 -> 2023-02-08,0.147893
kahramanmaras-earthquake_37_031133023123,images/kahramanmaras-earthquake_37_031133023123_pre_disaster.png,images/kahramanmaras-earthquake_37_031133023123_post_disaster.png,Moderate,Maxar Open Data (CC BY-NC-4.0) - Kahramanmaras Turkiye Earthquake 2023,Maxar WorldView/GeoEye ARD visual,,2023-01-07 -> 2023-02-08,0.14927
kahramanmaras-earthquake_37_031133012101,images/kahramanmaras-earthquake_37_031133012101_pre_disaster.png,images/kahramanmaras-earthquake_37_031133012101_post_disaster.png,Moderate,Maxar Open Data (CC BY-NC-4.0) - Kahramanmaras Turkiye Earthquake 2023,Maxar WorldView/GeoEye ARD visual,,2019-08-26 -> 2023-02-07,0.154714
kahramanmaras-earthquake_37_031133023213,images/kahramanmaras-earthquake_37_031133023213_pre_disaster.png,images/kahramanmaras-earthquake_37_031133023213_post_disaster.png,Moderate,Maxar Open Data (CC BY-NC-4.0) - Kahramanmaras Turkiye Earthquake 2023,Maxar WorldView/GeoEye ARD visual,,2021-09-27 -> 2023-02-08,0.158697
kahramanmaras-earthquake_37_031133012100,images/kahramanmaras-earthquake_37_031133012100_pre_disaster.png,images/kahramanmaras-earthquake_37_031133012100_post_disaster.png,Moderate,Maxar Open Data (CC BY-NC-4.0) - Kahramanmaras Turkiye Earthquake 2023,Maxar WorldView/GeoEye ARD visual,,2019-08-26 -> 2023-02-07,0.164981
kahramanmaras-earthquake_37_031133011010,images/kahramanmaras-earthquake_37_031133011010_pre_disaster.png,images/kahramanmaras-earthquake_37_031133011010_post_disaster.png,Moderate,Maxar Open Data (CC BY-NC-4.0) - Kahramanmaras Turkiye Earthquake 2023,Maxar WorldView/GeoEye ARD visual,,2022-07-26 -> 2023-02-08,0.166134
kahramanmaras-earthquake_37_031133012102,images/kahramanmaras-earthquake_37_031133012102_pre_disaster.png,images/kahramanmaras-earthquake_37_031133012102_post_disaster.png,Moderate,Maxar Open Data (CC BY-NC-4.0) - Kahramanmaras Turkiye Earthquake 2023,Maxar WorldView/GeoEye ARD visual,,2019-08-26 -> 2023-02-07,0.166767
kahramanmaras-earthquake_37_031133003132,images/kahramanmaras-earthquake_37_031133003132_pre_disaster.png,images/kahramanmaras-earthquake_37_031133003132_post_disaster.png,Moderate,Maxar Open Data (CC BY-NC-4.0) - Kahramanmaras Turkiye Earthquake 2023,Maxar WorldView/GeoEye ARD visual,,2022-12-27 -> 2023-02-08,0.168415
kahramanmaras-earthquake_37_031133023132,images/kahramanmaras-earthquake_37_031133023132_pre_disaster.png,images/kahramanmaras-earthquake_37_031133023132_post_disaster.png,Moderate,Maxar Open Data (CC BY-NC-4.0) - Kahramanmaras Turkiye Earthquake 2023,Maxar WorldView/GeoEye ARD visual,,2023-01-07 -> 2023-02-08,0.180392
kahramanmaras-earthquake_37_031133102300,images/kahramanmaras-earthquake_37_031133102300_pre_disaster.png,images/kahramanmaras-earthquake_37_031133102300_post_disaster.png,Moderate,Maxar Open Data (CC BY-NC-4.0) - Kahramanmaras Turkiye Earthquake 2023,Maxar WorldView/GeoEye ARD visual,,2023-01-02 -> 2023-02-08,0.182465
kahramanmaras-earthquake_37_031133012310,images/kahramanmaras-earthquake_37_031133012310_pre_disaster.png,images/kahramanmaras-earthquake_37_031133012310_post_disaster.png,Moderate,Maxar Open Data (CC BY-NC-4.0) - Kahramanmaras Turkiye Earthquake 2023,Maxar WorldView/GeoEye ARD visual,,2022-12-27 -> 2023-02-07,0.189237
kahramanmaras-earthquake_37_031133023231,images/kahramanmaras-earthquake_37_031133023231_pre_disaster.png,images/kahramanmaras-earthquake_37_031133023231_post_disaster.png,Moderate,Maxar Open Data (CC BY-NC-4.0) - Kahramanmaras Turkiye Earthquake 2023,Maxar WorldView/GeoEye ARD visual,,2021-09-27 -> 2023-02-08,0.189829
kahramanmaras-earthquake_37_031133012121,images/kahramanmaras-earthquake_37_031133012121_pre_disaster.png,images/kahramanmaras-earthquake_37_031133012121_post_disaster.png,Moderate,Maxar Open Data (CC BY-NC-4.0) - Kahramanmaras Turkiye Earthquake 2023,Maxar WorldView/GeoEye ARD visual,,2022-07-15 -> 2023-02-07,0.208079
kahramanmaras-earthquake_37_031133102211,images/kahramanmaras-earthquake_37_031133102211_pre_disaster.png,images/kahramanmaras-earthquake_37_031133102211_post_disaster.png,Moderate,Maxar Open Data (CC BY-NC-4.0) - Kahramanmaras Turkiye Earthquake 2023,Maxar WorldView/GeoEye ARD visual,,2023-01-02 -> 2023-02-08,0.218886
kahramanmaras-earthquake_37_031133012112,images/kahramanmaras-earthquake_37_031133012112_pre_disaster.png,images/kahramanmaras-earthquake_37_031133012112_post_disaster.png,Moderate,Maxar Open Data (CC BY-NC-4.0) - Kahramanmaras Turkiye Earthquake 2023,Maxar WorldView/GeoEye ARD visual,,2019-09-06 -> 2023-02-07,0.227612
kahramanmaras-earthquake_37_031133012001,images/kahramanmaras-earthquake_37_031133012001_pre_disaster.png,images/kahramanmaras-earthquake_37_031133012001_post_disaster.png,Severe,Maxar Open Data (CC BY-NC-4.0) - Kahramanmaras Turkiye Earthquake 2023,Maxar WorldView/GeoEye ARD visual,,2021-09-27 -> 2023-02-07,0.257251
kahramanmaras-earthquake_37_031133012111,images/kahramanmaras-earthquake_37_031133012111_pre_disaster.png,images/kahramanmaras-earthquake_37_031133012111_post_disaster.png,Severe,Maxar Open Data (CC BY-NC-4.0) - Kahramanmaras Turkiye Earthquake 2023,Maxar WorldView/GeoEye ARD visual,,2019-09-06 -> 2023-02-07,0.259843
kahramanmaras-earthquake_37_031133010323,images/kahramanmaras-earthquake_37_031133010323_pre_disaster.png,images/kahramanmaras-earthquake_37_031133010323_post_disaster.png,Severe,Maxar Open Data (CC BY-NC-4.0) - Kahramanmaras Turkiye Earthquake 2023,Maxar WorldView/GeoEye ARD visual,,2019-08-26 -> 2023-02-07,0.264384
kahramanmaras-earthquake_37_031133102021,images/kahramanmaras-earthquake_37_031133102021_pre_disaster.png,images/kahramanmaras-earthquake_37_031133102021_post_disaster.png,Severe,Maxar Open Data (CC BY-NC-4.0) - Kahramanmaras Turkiye Earthquake 2023,Maxar WorldView/GeoEye ARD visual,,2023-01-02 -> 2023-02-08,0.270433
kahramanmaras-earthquake_37_031133102023,images/kahramanmaras-earthquake_37_031133102023_pre_disaster.png,images/kahramanmaras-earthquake_37_031133102023_post_disaster.png,Severe,Maxar Open Data (CC BY-NC-4.0) - Kahramanmaras Turkiye Earthquake 2023,Maxar WorldView/GeoEye ARD visual,,2023-01-02 -> 2023-02-08,0.272477
kahramanmaras-earthquake_37_031133012011,images/kahramanmaras-earthquake_37_031133012011_pre_disaster.png,images/kahramanmaras-earthquake_37_031133012011_post_disaster.png,Severe,Maxar Open Data (CC BY-NC-4.0) - Kahramanmaras Turkiye Earthquake 2023,Maxar WorldView/GeoEye ARD visual,,2019-02-25 -> 2023-02-07,0.287252
kahramanmaras-earthquake_37_031133102121,images/kahramanmaras-earthquake_37_031133102121_pre_disaster.png,images/kahramanmaras-earthquake_37_031133102121_post_disaster.png,Severe,Maxar Open Data (CC BY-NC-4.0) - Kahramanmaras Turkiye Earthquake 2023,Maxar WorldView/GeoEye ARD visual,,2021-09-27 -> 2023-02-08,0.293015
kahramanmaras-earthquake_37_031133102213,images/kahramanmaras-earthquake_37_031133102213_pre_disaster.png,images/kahramanmaras-earthquake_37_031133102213_post_disaster.png,Severe,Maxar Open Data (CC BY-NC-4.0) - Kahramanmaras Turkiye Earthquake 2023,Maxar WorldView/GeoEye ARD visual,,2022-07-20 -> 2023-02-08,0.299706
kahramanmaras-earthquake_37_031133012133,images/kahramanmaras-earthquake_37_031133012133_pre_disaster.png,images/kahramanmaras-earthquake_37_031133012133_post_disaster.png,Severe,Maxar Open Data (CC BY-NC-4.0) - Kahramanmaras Turkiye Earthquake 2023,Maxar WorldView/GeoEye ARD visual,,2022-12-27 -> 2023-02-07,0.317221
kahramanmaras-earthquake_37_031133012303,images/kahramanmaras-earthquake_37_031133012303_pre_disaster.png,images/kahramanmaras-earthquake_37_031133012303_post_disaster.png,Severe,Maxar Open Data (CC BY-NC-4.0) - Kahramanmaras Turkiye Earthquake 2023,Maxar WorldView/GeoEye ARD visual,,2022-12-27 -> 2023-02-07,0.341737
kahramanmaras-earthquake_37_031133012130,images/kahramanmaras-earthquake_37_031133012130_pre_disaster.png,images/kahramanmaras-earthquake_37_031133012130_post_disaster.png,Severe,Maxar Open Data (CC BY-NC-4.0) - Kahramanmaras Turkiye Earthquake 2023,Maxar WorldView/GeoEye ARD visual,,2022-07-15 -> 2023-02-07,0.345145
kahramanmaras-earthquake_37_031133012311,images/kahramanmaras-earthquake_37_031133012311_pre_disaster.png,images/kahramanmaras-earthquake_37_031133012311_post_disaster.png,Severe,Maxar Open Data (CC BY-NC-4.0) - Kahramanmaras Turkiye Earthquake 2023,Maxar WorldView/GeoEye ARD visual,,2022-12-27 -> 2023-02-07,0.359272
kahramanmaras-earthquake_37_031133012113,images/kahramanmaras-earthquake_37_031133012113_pre_disaster.png,images/kahramanmaras-earthquake_37_031133012113_post_disaster.png,Severe,Maxar Open Data (CC BY-NC-4.0) - Kahramanmaras Turkiye Earthquake 2023,Maxar WorldView/GeoEye ARD visual,,2019-09-06 -> 2023-02-07,0.371212
kahramanmaras-earthquake_37_031133012103,images/kahramanmaras-earthquake_37_031133012103_pre_disaster.png,images/kahramanmaras-earthquake_37_031133012103_post_disaster.png,Severe,Maxar Open Data (CC BY-NC-4.0) - Kahramanmaras Turkiye Earthquake 2023,Maxar WorldView/GeoEye ARD visual,,2019-08-26 -> 2023-02-07,0.392265
kahramanmaras-earthquake_37_031133010311,images/kahramanmaras-earthquake_37_031133010311_pre_disaster.png,images/kahramanmaras-earthquake_37_031133010311_post_disaster.png,Severe,Maxar Open Data (CC BY-NC-4.0) - Kahramanmaras Turkiye Earthquake 2023,Maxar WorldView/GeoEye ARD visual,,2012-09-03 -> 2023-02-07,0.392789
kahramanmaras-earthquake_37_031133012110,images/kahramanmaras-earthquake_37_031133012110_pre_disaster.png,images/kahramanmaras-earthquake_37_031133012110_post_disaster.png,Severe,Maxar Open Data (CC BY-NC-4.0) - Kahramanmaras Turkiye Earthquake 2023,Maxar WorldView/GeoEye ARD visual,,2019-09-06 -> 2023-02-07,0.394004
kahramanmaras-earthquake_37_031133010320,images/kahramanmaras-earthquake_37_031133010320_pre_disaster.png,images/kahramanmaras-earthquake_37_031133010320_post_disaster.png,Severe,Maxar Open Data (CC BY-NC-4.0) - Kahramanmaras Turkiye Earthquake 2023,Maxar WorldView/GeoEye ARD visual,,2017-02-15 -> 2023-02-07,0.548951
kahramanmaras-earthquake_37_031133010313,images/kahramanmaras-earthquake_37_031133010313_pre_disaster.png,images/kahramanmaras-earthquake_37_031133010313_post_disaster.png,Severe,Maxar Open Data (CC BY-NC-4.0) - Kahramanmaras Turkiye Earthquake 2023,Maxar WorldView/GeoEye ARD visual,,2019-09-06 -> 2023-02-07,0.55
kahramanmaras-earthquake_37_031133012131,images/kahramanmaras-earthquake_37_031133012131_pre_disaster.png,images/kahramanmaras-earthquake_37_031133012131_post_disaster.png,Severe,Maxar Open Data (CC BY-NC-4.0) - Kahramanmaras Turkiye Earthquake 2023,Maxar WorldView/GeoEye ARD visual,,2019-09-06 -> 2023-02-07,0.597015
kahramanmaras-earthquake_37_031133010333,images/kahramanmaras-earthquake_37_031133010333_pre_disaster.png,images/kahramanmaras-earthquake_37_031133010333_post_disaster.png,Severe,Maxar Open Data (CC BY-NC-4.0) - Kahramanmaras Turkiye Earthquake 2023,Maxar WorldView/GeoEye ARD visual,,2019-09-06 -> 2023-02-07,0.620462
